id,name,type,spatial,url,focus,member of,parent,based in,orcid,employer,affiliated in,involved in,start,end,keywords,lead
G001,"Digital Humanities Lab (DHLab), Universität Basel",academic,Switzerland,https://dhlab.philhist.unibas.ch/,3D; Digitisation; IIIF; Linked Data; Photogrammetry; Cultural Heritage; Shared Reading,G018,G057,,,,,,,,,
G002,"Walter Benjamin Kolleg / Digital Humanities, Universität Bern",academic,Switzerland,https://www.dh.unibe.ch/,HTR; Game Studies; Linked Data; History,G018,G064,,,,,,,,,
G003,"Digital Visual Studies, Universität Zürich",academic,Switzerland,https://www.dvs.uzh.ch/,Art History; Computer Vision; NLP,G018,G058,,,,,,,,,
G004,"Chaire d'humanités numériques, Université de Genève",academic,Switzerland,https://www.unige.ch/lettres/humanites-numeriques/,"HTR; IIIF, Art History; Computer Vision",G018; G025,G073,,,,,,,,,
G005,"Institut des humanités digitales (DHI), EPFL",academic,Switzerland,https://www.epfl.ch/schools/cdh/fr/recherche/digital-humanities-institute-dhi/,,,G059,,,,,,,,,
G006,"Laboratoire d'humanités digitales (DHLAB), EPFL",academic,Switzerland,https://www.epfl.ch/labs/dhlab/,ML; Computer Vision; Geography; History,,G005,,,,,,,,,
G007,"Digital and Cognitive Musicology Lab (DCML), EPFL",academic,Switzerland,https://www.epfl.ch/labs/dcml/,Musicology; Acoustics,,G005,,,,,,,,,
G008,"Laboratory for Experimental Museology (eM+), EPFL",academic,Switzerland,https://www.epfl.ch/labs/emplus/,Museology; Cultural Heritage; Linked Data,,G005,,,,,,,,,
G009,"Laboratoires d'histoire des sciences et des techniques (LHST), EPFL",academic,Switzerland,https://www.epfl.ch/labs/lhst/,STS,,G005,,,,,,,,,
G010,"Swiss Art Research Infrastructure (SARI), Universität Zürich",research infrastructure,Switzerland,https://www.sari.uzh.ch/,Art History; Architecture; IIIF; Linked Data; Design Research,,G058; G063,,,,,,,,,
G011,Swiss National Data and Service Center for the Humanities (DaSCH),research infrastructure,Switzerland,https://www.dasch.swiss/,IIIF; Linked Data; Digital Preservation,G019,,G057,,,,,,,,
G012,The Swiss Digital Research Infrastructure for arts and humanities (DARIAH-CH),consortium,Switzerland,https://www.dariah.ch/,,,G013,G011,,,,,,,,
G013,Digital Research Infrastructure for the Arts and Humanities (DARIAH-EU),eric,Europe,https://www.dariah.eu/,,,,,,,,,,,,
G014,"Research and Infrastructure Support (RISE), Universität Basel",research infrastructure,Basel,https://rise.unibas.ch/,,,,G001,,,,,,,,
G015,"Linguistic Research Infrastructure (LiRI), Universität Zürich",research infrastructure,Switzerland,https://www.liri.uzh.ch/,Linguistics,,G058,,,,,,,,,
G016,Université de Lausanne,academic,Switzerland,https://www.unil.ch/,,G012,,,,,,,,,,
G017,"Institut des sciences du langage (ISLa), Université de Neuchâtel",academic,Switzerland,,Philology; Linguistics,,,G056,,,,,,,,
G018,DHCH Network,association,Switzerland,https://dh-ch.ch/ ,,,,,,,,,,,,
G019,International Image Interoperability Framework Consortium (IIIF-C),consortium,International,https://iiif.io/community/consortium,IIIF; API; Annotation; Standardisation; Image; Video; 3D,,,,,,,,,,,
G020,GameLab,association,Switzerland,https://gamelab-lausanne.ch/,Game Studies,G005; G016,,,,,,,,,,
G021,dhelta UNIL EPFL,association,Lausanne,https://www.epfl.ch/schools/cdh/education-2/dh-master/registered-students/dhelta/,,,G005; G016,,,,,,,,,
G022,Common Language Resources and Technology Infrastructure Switzerland (CLARIN-CH),consortium,Switzerland,https://clarin-ch.ch/,,G023,,G015,,,,,,,,
G023,Common Language Resources and Technology Infrastructure (CLARIN ERIC),eric,Europe,https://www.clarin.eu/,,,,,,,,,,,,
G024,European Association for Digital Humanities (EADH),association,Europe,https://eadh.org/,,G032,,,,,,,,,,
G025,Association francophone des humanités numériques/digitales (Humanistica),association,Cross-national,https://www.humanisti.ca/,,G032,,,,,,,,,,
G026,Digital Humanities im deutschsprachigen Raum (DHd),association,Cross-national,https://dig-hum.de/,,G024; G032,,,,,,,,,,
G027,Hochschule der Künste Bern (HKB),academic,Switzerland,https://www.hkb.bfh.ch/,,G012,,,,,,,,,,
G028,"Laboratoire d'étude des sciences et des techniques (STSlab), Université de Lausanne",academic,Switzerland,https://www.unil.ch/stslab/,STS,G016; G029,,,,,,,,,,
G029,"Swiss Association for the Studies of Science, Technology and Society (STS-CH)",association,Switzerland,https://sts-ch.org/,STS,,,,,,,,,,,
G030,Schweizerische Akademie der Geistes- und Sozialwissenschaften (SAGW),association,Switzerland,https://www.sagw.ch/,Humanities; Social Sciences,G012,,,,,,,,,,
G031,Infoclio,association,Switzerland,https://infoclio.ch/,History,G025,G030; G053,,,,,,,,,
G032,Alliance of Digital Humanities Organizations (ADHO),association,International,https://adho.org/,,,,,,,,,,,,
G033,Associazione per l'informatica umanistica e la cultura digitale (AIUCD),association,Italy,https://www.aiucd.it/,,G024,,,,,,,,,,
G034,Digital Humanities in the Nordic & Baltic Countries (DHNB),association,Cross-national,https://dhnb.eu/,,G024,,,,,,,,,,
G035,Association for Computers and the Humanities (ACH),association,International,https://ach.org/,,G032,,,,,,,,,,
G036,Huma-Num,research infrastructure,France,https://www.huma-num.fr/,,G025; G013; G023,,,,,,,,,,
G037,"Analyses, Recherches, Intelligence Artificielle et Nouvelles Editions numériques (Ariane)",consortium,France,https://cst-ariane.huma-num.fr/,Literature; Linguistics; History,,G036,,,,,,,,,
G038,pictorIA,consortium,France,https://listes.huma-num.fr/wws/info/pictoria-info,AI; Computer Vision,,G036,,,,,,,,,
G039,Sound of Life (SoL),consortium,France,,Acoustics,,G036,,,,,,,,,
G040,Projets Time Machine (PTM),consortium,France,https://paris-timemachine.huma-num.fr/,History; Archeology; Art History; Geography,,G036,,,,,,,,,
G041,Mémoires des Archéologues et des sites Archéologiques plus (MASAplus),consortium,France,https://masa.hypotheses.org/,Archeology; Linked Data,,G036,,,,,,,,,
G042,DIgital STudies Africa Asia and the Middle east (DISTAM),consortium,France,https://distam.hypotheses.org/,HTR; Digitisation,,G036,,,,,,,,,
G043,"Consortium pour l'annotation, l'analyse et l'archive de la vidéo appliquées aux activités scientifiques (CANEVAS)",consortium,France,https://canevas.hypotheses.org/,Video; Annotation,,G036,,,,,,,,,
G044,Musica 2,consortium,France,https://musica.hypotheses.org/,Musicology; Linked Data,,G036,,,,,,,,,
G045,"Corpus, Langues et Interactions 2 (CORLI 2)",consortium,France,https://corli.huma-num.fr/,Linguistics,,G036,,,,,,,,,
G046,Consortium 3D pour les humanités numériques (Consortium 3DHN),consortium,France,https://shs3d.hypotheses.org/,3D,,G036,,,,,,,,,
G047,Ecole nationale des chartes PSL,academic,France,https://www.chartes.psl.eu/,Paleography; Information Science; Data Literacy,,,,,,,,,,,
G048,"Médialab, SciencesPo",academic,France,https://medialab.sciencespo.fr/,STS; ML,,,,,,,,,,,
G049,"Filière Information Science, Haute école de gestion de Genève",academic,Switzerland,https://www.hesge.ch/heg/is,Archives; Information Science; Linked Data; Data Literacy,,,,,,,,,,,
G050,Fachhochschule Graubünden (FHGR),academic,Switzerland,https://www.fhgr.ch/,Archives; Information Science; Game Studies; ML; Linked Data,,,,,,,,,,,
G051,Università della Svizzera italiana (USI),academic,Switzerland,https://www.usi.ch/,Architecture; Art History,G018,,,,,,,,,,
G052,"Centre for Digital Humanities and Multilateralism, Geneva Graduate Institute",academic,Switzerland,https://www.graduateinstitute.ch/research-centres/centre-digital-humanities-and-multilateralism,Politics; History,,,,,,,,,,,
G053,Schweizerische Gesellschaft für Geschichte (SGG),association,Switzerland,https://www.sgg-ssh.ch/,History,,,,,,,,,,,
G054,Digital History Network Switzerland,association,Switzerland,https://www.digitalhistorynetwork.ch,Digital History,,,,,,,,,,,
G055,FORS - Swiss Centre of Expertise in the Social Sciences,research infrastructure,Switzerland,https://forscenter.ch/,Social Sciences; STS,,,G016,,,,,,,,
G056,Université de Neuchâtel,academic,Switzerland,https://www.unine.ch/,,G012,,,,,,,,,,
G057,Universität Basel,academic,Switzerland,https://www.unibas.ch/,,G012,,,,,,,,,,
G058,Universität Zürich,academic,Switzerland,https://uzh.ch/ ,,G012,,,,,,,,,,
G059,Ecole Polytechnique Fédérale de Lausanne (EPFL),academic,Switzerland,https://www.epfl.ch/,,G012,,,,,,,,,,
G060,Eidgenössische Technische Hochschule Zürich (ETHZ),academic,Switzerland,https://ethz.ch/,,,,,,,,,,,,
G061,Social Sciences & Humanities Open Cluster Switzerland (SSHOC-CH),association,Switzerland,https://sshoc.ch/ ,,,,,,,,,,,,
G062,Universität Luzern,academic,Switzerland,https://www.unilu.ch/,,,,,,,,,,,,
G063,Schweizerische Institut für Kunstwissenschaft (SIK-ISEA),research infrastructure,Switzerland,https://www.sik-isea.ch/,,,G030,,,,,,,,,
G064,Universität Bern,academic,Switzerland,https://www.unibe.ch/,,G012,,,,,,,,,,
G065,Zentralbibliothek Zürich (ZB),glam,Switzerland,https://www.zb.uzh.ch/,,,G058,,,,,,,,,
G066,Schweizerisches Bundesarchiv (BAR),glam,Switzerland,https://www.bar.admin.ch/,,,,,,,,,,,,
G067,ETH-Bibliothek,glam,Switzerland,https://library.ethz.ch/,,,G060,,,,,,,,,
G068,Staatsarchiv Solothurn,glam,Switzerland,https://so.ch/staatskanzlei/staatsarchiv/,,,,,,,,,,,,
G069,Staatsarchiv Schwyz,glam,Switzerland,https://www.sz.ch/kultur/,,,,,,,,,,,,
G070,Luxembourg Centre For Contemporary and Digital History (C2DH),academic,Luxembourg,https://www.c2dh.uni.lu/,,,,,,,,,,,,
G071,Inventar der Fundmünzen der Schweiz (IFS),research infrastructure,Switzerland,https://www.fundmuenzen.ch/,,,G030,,,,,,,,,
G072,Diplomatische Dokumente der Schweiz (Dodis),research infrastructure,Switzerland,https://www.dodis.ch/,,,G030,,,,,,,,,
G073,Université de Genève,academic,Switzerland,https://unige.ch/,,G012,,,,,,,,,,
G074,Hochschule für Gestaltung und Kunst Basel FHNW,academic,Switzerland,https://www.fhnw.ch/de/die-fhnw/hochschulen/hgk,,G012,,,,,,,,,,
G075,Staatsarchiv Basel-Stadt,glam,Switzerland,https://staatsarchiv.bs.ch/,,,,,,,,,,,,
G076,Music Encoding Initiative (MEI),association,International,https://music-encoding.org/,,,,,,,,,,,,
G077,Répertoire International des Sources Musicales (RISM) Digital Center,research infrastructure,International,https://rism.digital/,,,,,,,,,,,,
G078,Bibliotheca Hertziana - Max Planck Institute for Art History,research infrastructure,Cross-national,https://www.biblhertz.it/,,,,,,,,,,,,
G079,Staatsarchiv des Kantons Bern,glam,Switzerland,https://www.staatsarchiv.sta.be.ch/,,,,,,,,,,,,
G080,Schweizerische Nationalbibliothek (NB),glam,Switzerland,https://www.nb.admin.ch/,,,,,,,,,,,,
G081,International Image Interoperability Framework (IIIF) Community,association,International,https://iiif.io/,,,G019,,,,,,,,,
G082,Linked Art,association,International,https://linked.art,,,,,,,,,,,,
G083,Musée d'art et d'histoire de Genève (MAH),glam,Switzerland,https://www.mahmah.ch/,,,,,,,,,,,,
P001,Tobias Hodel,,,,,,,,https://orcid.org/0000-0002-2071-6407,G002,G018; G053; G054; PR001; PR004; PR009; PR010,PR002; PR004; PR007; PR012; PR013,,,,
P002,Rita Gautschy,,,,,,,,https://orcid.org/0000-0002-5470-8720,G011; G012,G061; PR010; G081,PR011,,,,
P003,Peter Fornaro,,,,,,,,https://orcid.org/0000-0003-1485-4923,G001,G011; G018; G081,PR001,,,,
P004,Lukas Rosenthaler,,,,,,,,https://orcid.org/0000-0003-1681-4036,G001,PR008; PR009,PR005,,,,
P005,Frederic Kaplan,,,,,,,,https://orcid.org/0000-0002-6991-5730,G005; G006,,PR019,,,,
P006,Béatrice Joyeux-Prunel,,,,,,,,https://orcid.org/0000-0003-1046-7002,G004,G018; G052; G054,PR014,,,,
P007,Sarah Kenderdine,,,,,,,,https://orcid.org/0000-0002-7190-9946,G008,,,,,,
P008,Mathieu Avanzi,,,,,,,,https://orcid.org/0000-0002-0688-2310,G017,,,,,,
P009,Francesco Berretta,,,,,,,,,G056,,PR007,,,,
P010,Anita Auer,,,,,,,,https://orcid.org/0009-0007-6302-5810,G055,G011,,,,,
P011,Elena Chestnova,,,,,,,,https://orcid.org/0000-0002-0654-1313,G051,G061; G018,PR009,,,,
P012,Rico Sennrich,,,,,,,,https://orcid.org/0000-0002-1438-4741,G015,,,,,,
P013,Lucas Burkart,,,,,,,,https://orcid.org/0000-0002-9011-5113,G057,G054,PR013,,,,
P014,Moniek Kuijpers,,,,,,,,https://orcid.org/0000-0002-3676-5879,G001,PR017,PR006,,,,
P015,Alassi Sepideh,,,,,,,,https://orcid.org/0000-0002-5627-9501,G001,PR004,PR005,,,,
P016,Vera Chiquet,,,,,,,,https://orcid.org/0000-0001-5925-2956,G001,G018; G054,PR001,,,,
P017,Moritz Mähr,,,,,,,,https://orcid.org/0000-0002-1367-1618,G057,G002; G054; G018,,,,,
P018,Elena Spadini,,,,,,,,https://orcid.org/0000-0002-4522-2833,G014,G002,,,,,
P019,Yannick Rochat,,,,,,,,https://orcid.org/0000-0002-9588-9855,G016,G020,PR002,,,,
P020,Cristina Grisot,,,,,,,,https://orcid.org/0000-0003-0684-4442,G012; G022,G061,,,,,
P021,Simon Gabay,,,,,,,,https://orcid.org/0000-0001-9094-4475,G004,G018,PR016,,,,
P022,Thomas Hänsli,,,,,,,,https://orcid.org/0000-0001-7818-5605,G010; G060,G061; PR010; G082,PR009,,,,
P023,Florian Kräutli,,,,,,,,https://orcid.org/0000-0001-9039-0900,G010,,,,,,
P024,Eugen Pfister,,,,,,,,https://orcid.org/0000-0003-3422-4697,G027,G002,PR002,,,,
P025,Grégoire Malland,,,,,,,,,G052,,,,,,
P026,Davide Rodogno,,,,,,,,https://orcid.org/0000-0002-0947-4515,G052,,,,,,
P027,Maud Ehrmann,,,,,,,,https://orcid.org/0000-0001-9900-2193,G006,,PR003,,,,
P028,Ranjodh Singh Dhaliwal,,,,,,,,https://orcid.org/0000-0002-9826-0614,G001,,,,,,
P029,Rosa Lavelle-Hill  ,,,,,,,,https://orcid.org/0000-0002-1767-9828,G001,,,,,,
P030,Enrico Natale,,,,,,,,https://orcid.org/0000-0002-0967-5931,G031,G054; PR003,,,,,
P031,Julien A. Raemy,,,,,,,,https://orcid.org/0000-0002-4711-5759,G066,G002; G018; G049; G054; G081; G082,PR001,,,,
P032,Katharina Böhmer,,,,,,,,https://orcid.org/0009-0003-7269-6780,G002,,,,,,
P033,Sebastian Borkowski,,,,,,,,,G002,,,,,,
P034,Joseph Chataignon,,,,,,,,,G002,,,,,,
P035,Peter Dängeli,,,,,,,,https://orcid.org/0000-0003-3576-7474,G002,,,,,,
P036,Adrian Demleitner,,,,,,,,https://orcid.org/0000-0001-9918-7300,G002; G027,G054; G018,PR001; PR002,,,,
P037,Sebastian Flick,,,,,,,,,G002,,,,,,
P038,Stephen Hart,,,,,,,,https://orcid.org/0009-0003-6556-5512,G002,,PR007,,,,
P039,Ursula Loosli,,,,,,,,https://orcid.org/0000-0002-1480-315X,G002,,,,,,
P040,Christa Schneider,,,,,,,,https://orcid.org/0000-0001-9741-0601,G002,,,,,,
P041,Dominic Weber,,,,,,,,https://orcid.org/0000-0002-9265-3388,G002; G057,G054,,,,,
P042,Katharina Scheller,,,,,,,,https://orcid.org/0000-0002-6528-9445,G002,,,,,,
P043,Jonas Widmer,,,,,,,,,G002,,PR013,,,,
P044,Yangying Mao,,,,,,,,,G002,,,,,,
P045,Addrich Mauch,,,,,,,,,G002,,,,,,
P046,Gaétan Muck,,,,,,,,,G002,,,,,,
P047,Ismail Prada Ziegler,,,,,,,,https://orcid.org/0000-0003-4229-8688,G002,,PR013,,,,
P048,Florian Matter,,,,,,,,,,G002,,,,,
P049,Vlad Atanasiu,,,,,,,,https://orcid.org/0000-0001-7457-7089,,G002,,,,,
P050,Tao Fan,,,,,,,,https://orcid.org/0000-0002-6846-2901,,G002,,,,,
P051,Sonja Gasser,,,,,,,,https://orcid.org/0000-0003-0112-4841,,G002,,,,,
P052,Rachel Huber,,,,,,,,https://orcid.org/0000-0002-6022-5354,G062,G002,,,,,
P053,Katarzyna Langenegger,,,,,,,,https://orcid.org/0000-0003-1244-3346,,G002,PR004,,,,
P054,Laurent Pugin,,,,,,,,https://orcid.org/0000-0002-9525-4331,G077,G002; G076,,,,,
P055,Annemieke C. Romein,,,,,,,,https://orcid.org/0000-0003-3682-0126,,G002,,,,,
P056,Michael Schonhardt,,,,,,,,https://orcid.org/0000-0002-2750-1900,,G002,,,,,
P057,Jan Baumann,,,,,,,,,G031,G054,,,,,
P058,Laura Bitterli,,,,,,,,,G058,G054,,,,,
P059,Nicolas Chachereau,,,,,,,,,G057; G009,G054,,,,,
P060,Lorenz Dändliker,,,,,,,,,G058,G054,,,,,
P061,Moritz J. Feichtinger,,,,,,,,https://orcid.org/0000-0003-1260-8884,G057,G054,,,,,
P062,Pascal Föhr,,,,,,,,https://orcid.org/0009-0005-0887-2131,G068,G054,,,,,
P063,Yvonne Fuchs,,,,,,,,https://orcid.org/0009-0007-4545-606X,G057; G062,G054,,,,,
P064,Martin Grandjean,,,,,,,,https://orcid.org/0000-0003-3184-3943,G016,G054; G025,PR003,,,,
P065,Kaspar Gubler,,,,,,,,,G064,G054,,,,,
P066,Philipp Krauer,,,,,,,,https://orcid.org/0009-0008-2299-660X,G016; G069,G054,,,,,
P067,Eliane Kurmann,,,,,,,,https://orcid.org/0000-0002-9037-7260,G031,G054,,,,,
P068,Victoria G. D. Landau,,,,,,,,https://orcid.org/0000-0002-7682-5709,G057,G054; G001; G081,PR018,,,,
P069,Rudolf Gschwind,,,,,,,,,,G001,,,,,
P070,Georg Lutz,,,,,,,,https://orcid.org/0000-0001-5851-2955,G055,G061,,,,,
P071,Muriel Heisch,,,,,,,,,G010,,,,,,
P072,Sophie Hammer,,,,,,,,,G010,,,,,,
P073,Matteo Romanello,,,,,,,,https://orcid.org/0000-0002-7406-6286,G010,G004; G006,PR015; PR016,,,,
P074,Alina Degen,,,,,,,,,G010,,,,,,
P075,Silvan Benz,,,,,,,,,G010,,,,,,
P076,Michael Piotrowski,,,,,,,,https://orcid.org/0000-0003-3307-5386,G016,G054; PR013,,,,,
P077,Tim Rüdiger,,,,,,,,https://orcid.org/0009-0004-5148-8242,G065,G054,,,,,
P078,Elias Kreyenbühl,,,,,,,,,G065,G001; G081,,,,,
P079,Raphaëlle Ruppen Coutaz,,,,,,,,https://orcid.org/0000-0002-3503-4978,G016,G054,PR003,,,,
P080,Eliane Schmid,,,,,,,,https://orcid.org/0000-0001-7904-3908,G070,G054,,,,,
P081,Ina Senif,,,,,,,,https://orcid.org/0000-0003-2419-42521,G057,G054,,,,,
P082,Christiane Sibille,,,,,,,,https://orcid.org/0000-0003-3689-2154,G067,G054; G061,,,,,
P083,Johannes Wahl,,,,,,,,,G067,G054,,,,,
P084,Ulrike Felsing,,,,,,,,,G027,G002,PR001,,,,
P085,Rahel C. Ackermann,,,,,,,,https://orcid.org/0000-0002-2927-7471,G070,G061,,,,,
P086,Sacha Zala,,,,,,,,https://orcid.org/0000-0002-0125-7313,G072,G053; G061,,,,,
P087,Doris Hanappi,,,,,,,,https://orcid.org/0000-0002-1735-4214,G058,G061,,,,,
P088,Stephanie Steinmetz,,,,,,,,https://orcid.org/0000-0001-7136-6622,G016,G061; G055,,,,,
P089,Linda Ludwig,,,,,,,,,G074,,,,,,
P090,Fabiana Senkpiel,,,,,,,,https://orcid.org/0000-0002-7165-4859,G027,,,,,,
P091,Béatrice Gauvain,,,,,,,,https://orcid.org/0000-0003-1085-7772,G001,G018,,,,,
P092,Marian Clemens Manz,,,,,,,,https://orcid.org/0000-0002-4408-7107,G001,G018; G081,,,,,
P093,Florian Spiess,,,,,,,,https://orcid.org/0000-0002-3396-1516,G057,G001,PR001,,,,
P094,David Spirgi,,,,,,,,,G057,G001,PR008,,,,
P095,Tina Ternes,,,,,,,,https://orcid.org/0009-0008-0914-6694,G001,,PR006,,,,
P096,Antonia Vogler,,,,,,,,https://orcid.org/0009-0007-9292-4831,G001,,PR006,,,,
P097,Soledad Castaño Santos,,,,,,,,,G057,G001,PR008,,,,
P098,Cristina Loi,,,,,,,,https://orcid.org/0000-0002-3694-5837,G001,,PR017,,,,
P099,Christoph Rohrer,,,,,,,,,G001,G018,PR001,,,,
P100,Manuel Rosenthaler,,,,,,,,,G001,,,,,,
P101,Alexandra Tschakert,,,,,,,,,G001; G075,,,,,,
P102,Christian Weber,,,,,,,,https://orcid.org/0000-0003-1078-1851,G001,G018,,,,,
P103,Berenike Herrmann,,,,,,,,https://orcid.org/0000-0002-5256-0566,,G001,,,,,
P104,Rodrigo Cerqueira Gonzalez Pena,,,,,,,,https://orcid.org/0000-0002-9010-2830,G057,G001,,,,,
P105,Regula Hohl Trillini,,,,,,,,https://orcid.org/0009-0006-3819-7373,G057,G001,PR004,,,,
P106,Stefan Münnich,,,,,,,,https://orcid.org/0000-0002-0744-5374,G057,G001; G076,,,,,
P107,Andrew Hankinson,,,,,,,,https://orcid.org/0000-0003-2663-0003,G077,G076; G081,,,,,
P108,Manuel Sutter,,,,,,,,,G057,G001,PR004,,,,
P109,Tristan Weddigen,,,,,,,,https://orcid.org/0000-0002-4609-8950,G003; G078,G018; G010,,,,,
P110,Darío Negueruela,,,,,,,,https://orcid.org/0000-0002-6333-1515,G003,G018,,,,,
P111,"Leonardo Impett
",,,,,,,,https://orcid.org/0000-0003-1774-5175,,G003,,,,,
P112,Valentine Bernasconi,,,,,,,,https://orcid.org/0000-0002-9467-8896,,G003; G018; G078; G009,,,,,
P113,Jason Armitage,,,,,,,,https://orcid.org/0000-0001-6377-2786,G003,,,,,,
P114,Ludovica Schaerf,,,,,,,,https://orcid.org/0000-0001-9460-702X,G003,,,,,,
P115,Pepe Ballesteros,,,,,,,,,G003,,,,,,
P116,Iacopo Neri,,,,,,,,https://orcid.org/0000-0002-9246-6494,G003,,,,,,
P117,Martin Stuber,,,,,,,,https://orcid.org/0000-0001-9853-9570,G064,PR001,PR004,,,,
P118,Ina Habermann,,,,,,,,https://orcid.org/0000-0002-7403-9595,G064,,PR004,,,,
P119,Christian Forney,,,,,,,,,G064,,PR004,,,,
P120,Lukas Heinzmann,,,,,,,,https://orcid.org/0000-0002-4628-3865,G064,,PR004,,,,
P121,Alessandro Lattanzi,,,,,,,,https://orcid.org/0000-0002-2898-6874,G064,,PR004,,,,
P122,Walter Leimgruber,,,,,,,,,G057,,PR001,,,,
P123,Fabian Frei,,,,,,,,,G001,,PR001,,,,
P124,Nicole Peduzzi,,,,,,,,,G057,,PR001,,,,
P125,Daniel Schoeneck,,,,,,,,,G027,,PR001,,,,
P126,Murielle Cornut,,,,,,,,https://orcid.org/0000-0002-4899-1208,G057,,PR001,,,,
P127,Fabienne Lüthi,,,,,,,,,G057,,PR001,,,,
P128,Birgit Huber,,,,,,,,,G057,,PR001,,,,
P129,Max Frischknecht,,,,,,,,https://orcid.org/0000-0001-8043-1895,G002; G027,,PR001,,,,
P130,Simon Clematide,,,,,,,,https://orcid.org/0000-0003-1365-0662,G058,,PR003,,,,
P131,Marten Düring,,,,,,,,https://orcid.org/0000-0001-7411-771X,G070,,PR003,,,,
P132,Emanuela Boros,,,,,,,,https://orcid.org/0000-0001-6299-9452,G006,,,,,,
P133,Pauline Isabela Conti,,,,,,,,,G006,,PR003,,,,
P134,Manuel Julian Ehrenfeld,,,,,,,,,G006,,,,,,
P135,Paul Guhennec,,,,,,,,https://orcid.org/0000-0002-5490-5249,G006,G078; G021,,,,,
P136,Harm Den Boer,,,,,,,,https://orcid.org/0000-0001-6611-9803,G057,,PR008,,,,
P137,Sonja Hildebrand,,,,,,,,https://orcid.org/0000-0001-7997-5051,G051,,PR009; PR010,,,,
P138,Philip Ursprung,,,,,,,,https://orcid.org/0009-0000-6256-8900,G060,,PR009; PR010,,,,
P139,Maarten Delbeke,,,,,,,,https://orcid.org/0000-0003-4767-1808,G060,,PR010,,,,
P140,"Gerold Schneider
",,,,,,,,https://orcid.org/0000-0002-1905-6237,G058,PR010,,,,,
P141,Irina Davidovici,,,,,,,,https://orcid.org/0000-0001-7260-7133,G060,PR010,,,,,
P142,Serena Tolino,,,,,,,,https://orcid.org/0000-0001-7740-5805,G064,,PR012,,,,
P143,Barbara Studer,,,,,,,,,G079,PR012,,,,,
P144,Damian Elsig,,,,,,,,,G080,PR003,,,,,
P145,Aline Vonwiller,,,,,,,,,G057,,PR013,,,,
P146,Esther Baur,,,,,,,,,G075,PR013,,,,,
P147,Benjamin Hitz,,,,,,,,https://orcid.org/0000-0002-3208-4881,G057,,PR013,,,,
P148,Tristan Karch,,,,,,,,https://orcid.org/0000-0002-9931-1524,G006,,,,,,
P149,"Sven Najem-Meyer
",,,,,,,,,G006,,PR015,,,,
P150,"Gaël Paccard
",,,,,,,,,G006,,,,,,
P151,"Alexander Michael Rusnak
",,,,,,,,https://orcid.org/0009-0001-9017-3356,G006,,,,,,
P152,"Raimund Schnürer
",,,,,,,,https://orcid.org/0000-0002-7558-3621,G006,,,,,,
P153,"Beatrice Vaienti
",,,,,,,,https://orcid.org/0000-0002-2379-2974,G006,,PR019,,,,
P154,Daniel Gatica-Perez,,,,,,,,https://orcid.org/0000-0001-5488-2182,G005,,,,,,
P155,"Kathleen Collins
",,,,,,,,,G005,,,,,,
P156,"Irene Bianchi
",,,,,,,,,G005,,,,,,
P157,"Pascale Bugnon
",,,,,,,,,G005,,,,,,
P158,"Huishu Deng
",,,,,,,,,G005,,,,,,
P159,"Isabella Di Lenardo
",,,,,,,,https://orcid.org/0000-0002-1747-9164,G005,,PR019,,,,
P160,"Simona Ferrar
",,,,,,,,,G005,,,,,,
P161,"Florence Graezer Bideau
",,,,,,,,https://orcid.org/0000-0002-9499-1479,G005,,,,,,
P162,"Nicolas Mermoud-Ghraichy
",,,,,,,,https://orcid.org/0000-0001-6563-5136,G005,,,,,,
P163,"Rémi Guillaume Petitpierre
",,,,,,,,https://orcid.org/0000-0001-9138-6727,G005,G021,PR019,,,,
P164,"Héléna Roux
",,,,,,,,,G005,,,,,,
P165,"Hamest Tamrazyan
",,,,,,,,https://orcid.org/0000-0001-9630-0195,G005,,,,,,
P166,"Cédric Viaccoz
",,,,,,,,https://orcid.org/0000-0001-6825-1082,G005,,,,,,
P167,"Mengke Zhang
",,,,,,,,https://orcid.org/0000-0002-8036-727X,G005,,,,,,
P168,Sabine R. Huebner,,,,,,,,https://orcid.org/0000-0002-3324-5050,G057,,PR018,,,,
P169,Marie Barras,,,,,,,,https://orcid.org/0000-0002-1542-3861,G004; G083,,PR014,,,,
P170,Nicolas Bovet,,,,,,,,,G016,G021,,,,,
P171,Ravinithesh Annapureddy,,,,,,,,https://orcid.org/0000-0003-4383-020X,G059,G021,,,,,
P172,Théo Rochat,,,,,,,,,G016,G021,,,,,
P173,Ben Erik Kriesel,,,,,,,,,G059,G021; G008,,,,,
P174,Miguel Almeida Henriques,,,,,,,,,G016,G020; G021,,,,,
P175,Radu Suciu,,,,,,,,,G004,,,,,,
P176,Adrien Jeanrenaud,,,,,,,,https://orcid.org/0009-0007-9256-8590,G004,,PR014,,,,
P177,Rui-Long Monico,,,,,,,,,G004,,,,,,
P178,Adélaïde Quenson,,,,,,,,,G004,,,,,,
P179,Florence Gariépy,,,,,,,,,G004,,,,,,
P180,Sonia Solfrini,,,,,,,,https://orcid.org/0009-0009-7367-048X,G004,,,,,,
P181,Floriane Goy,,,,,,,,https://orcid.org/0009-0005-9944-035X,G004,,,,,,
P182,Giacomo Alliata,,,,,,,,https://orcid.org/0000-0001-8281-4451,G008,G018,,,,,
P183,Yumeng Hou,,,,,,,,https://orcid.org/0000-0002-7908-0693,,G008; G018,,,,,
P184,Kirell Benzi,,,,,,,,https://orcid.org/0000-0002-9870-9477,G008,,,,,,
P185,Mickaël Achkar,,,,,,,,,G008,,,,,,
P186,Toussain Claude Adrien Cardot,,,,,,,,,G008,,,,,,
P187,Jean-Pierre Chabrol,,,,,,,,,G008,,,,,,
P188,Tsz Kin Chau,,,,,,,,https://orcid.org/0009-0006-7939-3151,G008,,,,,,
P189,Dhruva Gowda Storz,,,,,,,,https://orcid.org/0009-0006-9781-6402,G008,,,,,,
P190,Lillian Hibberd,,,,,,,,,G008,,,,,,
P191,Daniel Jaquet,,,,,,,,https://orcid.org/0000-0003-1515-3619,G008,,,,,,
P192,Samy Mannane,,,,,,,,,G008,,,,,,
P193,André Rattinger,,,,,,,,,G008,,,,,,
P194,Loïc Serafin,,,,,,,,,G008,,,,,,
P195,Oleksandr Sushynskyi,,,,,,,,,G008,,,,,,
P196,Adriano Viegas Milani,,,,,,,,,G008,,,,,,
P197,Nikolaus Alexander Völzow,,,,,,,,,G008,,,,,,
P198,Yuchen Yang,,,,,,,,https://orcid.org/0000-0002-6866-1409,G008,,,,,,
P199,"Martin Alois Rohrmeier
",,,,,,,,https://orcid.org/0000-0002-4323-7257,G007,,,,,,
P200,"Edward Thomas Ragdale Hall
",,,,,,,,https://orcid.org/0000-0002-8268-5052,G007,,,,,,
P201,"Ioannis Rammos
",,,,,,,,,G007,,,,,,
P202,Ran Tamir Averbuch,,,,,,,,,G007,,,,,,
P203,"Marina Barbara Borsodi-Benson
",,,,,,,,,G007,,,,,,
P204,"Xinyi Guan
",,,,,,,,https://orcid.org/0000-0002-4570-906X,G007,,,,,,
P205,"Shuxin Meng
",,,,,,,,https://orcid.org/0000-0002-4088-1987,G007,,,,,,
P206,"Zeng Ren
",,,,,,,,,G007,,,,,,
P207,"Xiaoxuan Wang
",,,,,,,,,G007,,,,,,
P208,Jérôme Baudry,,,,,,,,https://orcid.org/0000-0002-9949-0681,G009,,,,,,
P209,Nicola Carboni,,,,,,,,https://orcid.org/0000-0003-4912-4947,,G004; G010,,,,,
P210,Elisabeth Elodie Céline Davin-Mortier,,,,,,,,,G009,,,,,,
P211,Ion-Gabriel Mihailescu,,,,,,,,https://orcid.org/0000-0003-3255-4385,G009,,,,,,
P212,"Arthur Emile
",,,,,,,,https://orcid.org/0000-0001-5261-2912,G009,,,,,,
P213,"Cyrus Thibault Lognonné
",,,,,,,,https://orcid.org/0000-0001-6976-9289,G009,,,,,,
P214,"Joel Swai Praz
",,,,,,,,,G009,,,,,,
P215,"Semion Sidorenko
",,,,,,,,,G009,,,,,,
P216,"Alexander Dmitriev
",,,,,,,,,G009,,,,,,
P217,"Simon Dumas Primbault
",,,,,,,,,G009,,,,,,
PR001,Participatory Knowledge Practices in Analogue and Digital Image Archives (PIA),,,https://data.snf.ch/grants/grant/193788,,,,,,,,,2021.0,2025.0,Archives; Citizen Science; Anthropology; Design Research; Photography,G001; G027
PR002,"Confederatio Ludens: Swiss History of Games, Play and Game Design 1968-2000",,,https://data.snf.ch/grants/grant/209248,,,,,,,,,2023.0,2027.0,Game Studies; Design Research; History,G002; G027
PR003,Impresso - Media Monitoring of the Past II. Beyond Borders: Connecting Historical Newspapers and Radio,,,https://impresso-project.ch/,,,,,,,,,2023.0,2027.0,Newspapers; HTR,G006
PR004,Linked Data & Relational Databases: Grounded Knowledge,,,https://www.dh.unibe.ch/forschung/linked_data__relationale_datenbanken_gewis/index_ger.html,,,,,,,,,,,Linked Data; Musicology; Archaeology; Theater Studies,G002
PR005,SwissBritNet: Swiss-British cultural exchange and knowledge networks 1600-1780,,,https://data.snf.ch/grants/grant/215254,,,,,,,,,2023.0,2027.0,Gender Studies; English Literature; History; Linked Data,G001
PR006,"Shared Reading in the Age of Digitalization: Online Discussions, Face-to-Face Groups and the Role of Absorption in the Promotion of Reading and Well-Being
(SHARD)",,,https://data.snf.ch/grants/grant/203293,,,,,,,,,2022.0,2027.0,Empirical Literary Studies; Medical Humanities; Shared Reading,G001
PR007,Linked Open Data for the Humanities and Social Sciences (LOD4HSS),,,https://www.geovistory.org/lod4hss,,,,,,,,,2022.0,2024.0,Linked Data,G002
PR008,"Mapping the Scriptures in Western Sephardi Literature
",,,https://data.snf.ch/grants/grant/204389,,,,,,,,,2022.0,2026.0,Theology; Philosophy; Literature,G057
PR009,Gottfried Semper: Der Stil. Kritische und kommentierte Ausgabe - Teil 2,,,https://data.snf.ch/grants/grant/198242,,,,,,,,,2021.0,2024.0,Art History; Philosophy; Botany; Zoology,G060
PR010,"Gottfried Semper: Der Stil. Kritische und kommentierte Ausgabe - Teil 3
",,,https://data.snf.ch/grants/grant/229651,,,,,,,,,2025.0,2028.0,Architecture; Art History; Linguistics,G060
PR011,"Swiss National Data and Service Center for the Humanities (DaSCH)
",,,https://data.snf.ch/grants/grant/229650,,,,,,,,,2025.0,2028.0,History; Theology; Art History; Literature; Theology; Philosophy,G057
PR012,"The Flow: From Deep-Learning to Digital Analysis and their Role in the Humanities Creating, Evaluating, and Critiquing Workflows for Historical Corpora",,,https://data.snf.ch/grants/grant/212226,,,,,,,,,2023.0,2026.0,History,G002
PR013,"Ökonomien des Raums. Praktiken, Diskurse und Akteure auf dem Basler Immobilienmarkt (1400-1700)",,,https://data.snf.ch/grants/grant/208093,,,,,,,,,2022.0,2026.0,History,G057
PR014,Visual Contagions,,,https://data.snf.ch/grants/grant/192821,,,,,,,,,2021.0,2025.0,Art History; History,G004
PR015,"How does a classical hero die in the digital age? Using Sophocles’ Ajax to create a commentary on commentaries
",,,https://data.snf.ch/grants/grant/186033,,,,,,,,,2020.0,2024.0,Ancient History; Classical Studies,G016
PR016,"The Geographic Horizon of writers
",,,https://data.snf.ch/grants/grant/220833,,,,,,,,,2024.0,2025.0,Literature,G004
PR017,Empirical Study of Literature Innovative Training Network (ELIT),,,https://www.elitnetwork.eu/,,,,,,,,,2020.0,2024.0,Literature; Empirical Studies,
PR018,"The Roman Egypt Laboratory: Climate Change, Societal Transformations, and the Transition to Late Antiquity
",,,https://data.snf.ch/grants/grant/192176,,,,,,,,,2021.0,2025.0,Ancient History; Climatology; Papyrology,G057
PR019,Time Machine Unit,,,https://www.epfl.ch/schools/cdh/time-machine-unit/,,,,,,,,,,,AI; Cultural Heritage; History,G005
